{
  "n_catalogs": 792,
  "n_queries": 995,
  "mean": 0.4856127531234942,
  "median": 0.4627549648284912,
  "std": 0.16055287171456306,
  "p5": 0.268874391913414,
  "p50": 0.4627549648284912,
  "p95": 0.8213246047496795,
  "bins": {
    ">=0.95": 9,
    "0.90-0.95": 9,
    "0.80-0.90": 51,
    "0.70-0.80": 49,
    "<0.70": 877
  }
}