{
  "n_pairs": 995,
  "cos": {
    "mean": 0.4856127531234942,
    "p5": 0.268874391913414,
    "p50": 0.4627549648284912,
    "p95": 0.8213246047496795
  },
  "inliers_ref": {
    "mean": 32.22814070351759,
    "p5": 0.0,
    "p50": 5.0,
    "p95": 206.0
  },
  "inlier_ratio_ref": {
    "mean": 0.4213857930703679,
    "p5": 0.0,
    "p50": 0.4166666666666667,
    "p95": 0.9597488789237668
  },
  "margin_inliers": {
    "mean": 21.530653266331658,
    "p5": -18.0,
    "p50": -4.0,
    "p95": 199.29999999999995
  },
  "others_sampled_per_query": 20
}